,City,Country,Date,Lat,Lng,Cloudiness,Humidity,Max Temp,Wind Speed
0,tambul,,,,,,,,
1,abashiri,JP,2021-03-13 23:02:16,44.0213,144.2697,75.0,65.0,38.26,5.14
2,sentyabrskiy,,,,,,,,
3,punta arenas,CL,2021-03-13 23:02:04,-53.15,-70.9167,0.0,61.0,44.87,2.06
4,chervone,UA,2021-03-13 23:02:16,49.9564,28.8645,99.0,96.0,34.41,6.27
5,atuona,PF,2021-03-13 23:02:16,-9.8,-139.0333,30.0,63.0,79.86,2.8
6,chuy,UY,2021-03-13 23:02:17,-33.6971,-53.4616,0.0,80.0,60.8,2.19
7,rikitea,PF,2021-03-13 23:02:17,-23.1203,-134.9692,29.0,74.0,80.56,4.03
8,grand river south east,,,,,,,,
9,caravelas,BR,2021-03-13 22:57:35,-17.7125,-39.2481,7.0,90.0,74.12,1.5
10,ponta do sol,PT,2021-03-13 23:02:17,32.6667,-17.1,100.0,71.0,57.27,1.34
11,mkushi,ZM,2021-03-13 23:02:18,-13.6202,29.3939,100.0,97.0,63.86,3.75
12,yashkul,RU,2021-03-13 23:02:18,46.1711,45.3435,100.0,62.0,28.36,5.34
13,taoudenni,ML,2021-03-13 23:02:18,22.6783,-3.9836,73.0,46.0,66.27,4.23
14,broome,US,2021-03-13 23:02:18,42.2506,-75.833,75.0,32.0,34.07,4.12
15,yulara,AU,2021-03-13 23:01:19,-25.2406,130.9889,90.0,46.0,70.07,6.69
16,hobart,AU,2021-03-13 23:02:19,-42.8794,147.3294,0.0,29.0,64.27,4.63
17,ternate,ID,2021-03-13 23:02:19,0.8,127.4,58.0,71.0,83.95,2.16
18,kapaa,US,2021-03-13 23:02:19,22.0752,-159.319,90.0,88.0,73.27,10.29
19,ushuaia,AR,2021-03-13 23:02:19,-54.8,-68.3,40.0,65.0,43.07,8.23
20,port alfred,ZA,2021-03-13 23:02:20,-33.5906,26.891,52.0,85.0,69.28,0.89
21,mareeba,AU,2021-03-13 23:02:20,-17.0,145.4333,91.0,58.0,91.27,4.63
22,miles city,US,2021-03-13 23:02:20,46.4083,-105.8406,1.0,49.0,43.07,2.57
23,port elizabeth,ZA,2021-03-13 23:02:20,-33.918,25.5701,0.0,83.0,68.27,2.06
24,nikolskoye,RU,2021-03-13 23:02:21,59.7035,30.7861,75.0,87.0,35.87,4.0
25,yellowknife,CA,2021-03-13 23:00:09,62.456,-114.3525,90.0,78.0,1.67,4.63
26,bolungarvik,,,,,,,,
27,bethel,US,2021-03-13 23:02:21,41.3712,-73.414,1.0,32.0,38.26,2.57
28,kupang,ID,2021-03-13 23:02:21,-10.1667,123.5833,100.0,76.0,84.15,1.74
29,ahipara,NZ,2021-03-13 22:57:53,-35.1667,173.1667,2.0,60.0,69.71,1.21
30,albany,US,2021-03-13 22:58:42,42.6001,-73.9662,1.0,49.0,33.28,2.3
31,bengkulu,ID,2021-03-13 23:02:22,-3.8004,102.2655,81.0,64.0,84.74,2.97
32,salalah,OM,2021-03-13 23:02:22,17.0151,54.0924,0.0,56.0,68.27,2.06
33,saskylakh,RU,2021-03-13 23:02:22,71.9167,114.0833,100.0,94.0,-11.7,5.39
34,harper,LR,2021-03-13 23:02:23,4.375,-7.7169,100.0,88.0,78.28,5.05
35,cape town,ZA,2021-03-13 23:01:31,-33.9258,18.4232,75.0,77.0,66.47,4.12
36,adrar,MR,2021-03-13 23:02:23,20.5022,-10.0711,0.0,25.0,64.71,3.63
37,dekar,BW,2021-03-13 23:02:23,-21.5333,21.9333,0.0,63.0,67.35,4.06
38,nizhneyansk,,,,,,,,
39,honningsvag,NO,2021-03-13 23:02:23,70.9821,25.9704,94.0,75.0,27.75,4.39
40,boden,SE,2021-03-13 23:02:24,65.8252,21.6886,90.0,93.0,23.27,1.54
41,letka,RU,2021-03-13 23:02:24,59.6011,49.4232,100.0,92.0,13.69,5.12
42,aswan,EG,2021-03-13 23:02:24,24.0934,32.907,77.0,32.0,59.77,3.68
43,halifax,CA,2021-03-13 23:02:24,44.6453,-63.5724,85.0,47.0,30.27,1.34
44,qaanaaq,GL,2021-03-13 23:02:25,77.484,-69.3632,100.0,65.0,-4.43,4.13
45,gwembe,ZM,2021-03-13 23:02:25,-16.4975,27.6069,6.0,96.0,60.53,0.93
46,gat,IL,2021-03-13 23:02:25,31.61,34.7642,0.0,100.0,51.28,0.45
47,butaritari,KI,2021-03-13 23:02:25,3.0707,172.7902,85.0,80.0,81.18,5.29
48,acapulco,MX,2021-03-13 23:02:01,16.8634,-99.8901,20.0,83.0,79.07,1.54
49,marathon,US,2021-03-13 23:02:26,44.9,-89.7668,1.0,49.0,46.67,3.6
50,calvinia,ZA,2021-03-13 23:02:26,-31.4707,19.776,11.0,32.0,62.15,0.7
51,taitung,TW,2021-03-13 23:02:26,22.7583,121.1444,75.0,64.0,75.47,5.14
52,busselton,AU,2021-03-13 23:02:27,-33.65,115.3333,0.0,50.0,71.28,2.24
53,nemuro,JP,2021-03-13 23:02:27,43.3236,145.575,75.0,75.0,35.87,5.66
54,new norfolk,AU,2021-03-13 23:02:27,-42.7826,147.0587,44.0,34.0,64.27,4.47
55,provideniya,RU,2021-03-13 23:02:27,64.3833,-173.3,100.0,94.0,19.09,8.83
56,felidhoo,,,,,,,,
57,udachnyy,RU,2021-03-13 23:02:28,66.4167,112.4,100.0,81.0,1.89,8.34
58,bredasdorp,ZA,2021-03-13 23:02:28,-34.5322,20.0403,97.0,82.0,64.67,3.09
59,vaitupu,,,,,,,,
60,tupik,RU,2021-03-13 23:02:28,54.4253,119.9327,100.0,92.0,34.48,1.93
61,pasni,PK,2021-03-13 23:02:29,25.2631,63.471,0.0,68.0,74.39,0.89
62,carnarvon,AU,2021-03-13 23:02:29,-24.8667,113.6333,20.0,43.0,93.47,6.69
63,pangody,RU,2021-03-13 23:02:29,65.85,74.4859,100.0,92.0,7.54,5.95
64,lebu,CL,2021-03-13 23:02:29,-37.6167,-73.65,0.0,86.0,55.99,1.99
65,cortez,US,2021-03-13 23:02:30,37.3489,-108.5859,90.0,80.0,30.47,1.54
66,jamestown,US,2021-03-13 23:02:30,42.097,-79.2353,1.0,43.0,33.28,6.34
67,vestmannaeyjar,IS,2021-03-13 23:02:30,63.4427,-20.2734,100.0,64.0,30.88,5.43
68,belushya guba,,,,,,,,
69,teguldet,RU,2021-03-13 23:02:31,57.3064,88.1667,100.0,91.0,2.66,5.27
70,one hundred mile house,,,,,,,,
71,lazaro cardenas,MX,2021-03-13 23:00:02,17.9583,-102.2,0.0,84.0,72.34,0.57
72,mahebourg,MU,2021-03-13 23:02:31,-20.4081,57.7,40.0,83.0,80.87,4.12
73,ous,RU,2021-03-13 23:02:31,60.9058,61.5186,97.0,82.0,16.25,4.78
74,port augusta,AU,2021-03-13 23:02:31,-32.5,137.7667,0.0,48.0,71.28,6.69
75,vaini,TO,2021-03-13 23:02:32,-21.2,-175.2,75.0,78.0,80.87,4.12
76,coquimbo,CL,2021-03-13 22:58:27,-29.9533,-71.3436,40.0,94.0,59.27,2.06
77,bambous virieux,MU,2021-03-13 23:02:32,-20.3428,57.7575,40.0,83.0,80.87,4.12
78,ndago,TZ,2021-03-13 23:02:32,-4.6,34.35,85.0,80.0,57.96,2.34
79,tautira,PF,2021-03-13 23:02:32,-17.7333,-149.15,40.0,66.0,88.07,2.06
80,college,US,2021-03-13 23:02:33,64.8569,-147.8028,1.0,43.0,7.27,2.57
81,laguna,US,2021-03-13 23:02:33,38.421,-121.4238,1.0,71.0,50.27,4.63
82,progreso,MX,2021-03-13 23:02:33,21.2833,-89.6667,1.0,69.0,77.27,5.14
83,upernavik,GL,2021-03-13 23:02:33,72.7868,-56.1549,100.0,96.0,-4.85,1.12
84,gulshat,,,,,,,,
85,praia da vitoria,PT,2021-03-13 23:02:34,38.7333,-27.0667,75.0,100.0,60.28,10.06
86,saint-philippe,RE,2021-03-13 23:02:34,-21.3585,55.7679,40.0,74.0,80.87,4.63
87,najran,SA,2021-03-13 23:01:57,17.4924,44.1277,90.0,32.0,64.67,2.06
88,olafsvik,IS,2021-03-13 23:02:34,64.8945,-23.7142,100.0,74.0,29.21,6.2
89,rio gallegos,AR,2021-03-13 23:02:34,-51.6226,-69.2181,0.0,57.0,44.87,1.03
90,kavieng,PG,2021-03-13 23:02:35,-2.5744,150.7967,57.0,61.0,84.87,1.4
91,hasaki,JP,2021-03-13 23:02:35,35.7333,140.8333,20.0,33.0,64.27,9.26
92,kutum,SD,2021-03-13 23:02:35,14.2,24.6667,59.0,17.0,62.42,2.57
93,barinitas,VE,2021-03-13 23:02:35,8.7622,-70.4111,73.0,61.0,80.87,1.54
94,luderitz,NA,2021-03-13 23:02:36,-26.6481,15.1594,0.0,74.0,65.37,3.3
95,taolanaro,,,,,,,,
96,tasiilaq,GL,2021-03-13 23:02:36,65.6145,-37.6368,90.0,80.0,25.07,13.38
97,cherskiy,RU,2021-03-13 23:02:36,68.75,161.3,100.0,94.0,-3.08,5.4
98,mar del plata,AR,2021-03-13 23:02:36,-38.0023,-57.5575,0.0,88.0,65.26,5.18
99,mogilno,PL,2021-03-13 23:02:37,52.6581,17.9558,90.0,75.0,42.28,7.72
100,hofn,IS,2021-03-13 23:02:37,64.2539,-15.2082,100.0,62.0,35.35,3.69
101,vao,NC,2021-03-13 23:02:37,-22.6667,167.4833,91.0,77.0,77.09,8.19
102,vila franca do campo,PT,2021-03-13 23:02:37,37.7167,-25.4333,75.0,94.0,59.27,6.69
103,teshie,GH,2021-03-13 22:58:31,5.5836,-0.1072,100.0,75.0,82.45,5.42
104,muzhi,RU,2021-03-13 23:02:38,65.3667,64.6667,73.0,90.0,6.75,1.77
105,barrow,US,2021-03-13 22:59:17,71.2906,-156.7887,1.0,65.0,-3.73,5.66
106,tura,IN,2021-03-13 23:02:38,25.5198,90.2201,19.0,28.0,83.43,2.93
107,kalmunai,LK,2021-03-13 23:02:38,7.4167,81.8167,45.0,75.0,82.81,4.57
108,itupiranga,BR,2021-03-13 23:02:39,-5.1347,-49.3267,35.0,94.0,73.04,0.78
109,concordia,AR,2021-03-13 23:02:39,-31.393,-58.0209,0.0,62.0,74.26,3.13
110,nanortalik,GL,2021-03-13 23:02:39,60.1432,-45.2371,100.0,74.0,27.57,3.09
111,nouadhibou,MR,2021-03-13 23:02:39,20.931,-17.0347,0.0,37.0,66.47,5.66
112,ostersund,SE,2021-03-13 22:58:04,63.1792,14.6357,90.0,93.0,29.26,2.57
113,tres arroyos,AR,2021-03-13 23:02:40,-38.3739,-60.2798,46.0,58.0,63.5,3.11
114,hilo,US,2021-03-13 23:02:40,19.7297,-155.09,90.0,88.0,70.07,2.06
115,ystad,SE,2021-03-13 23:02:40,55.4297,13.8204,90.0,100.0,37.27,6.17
116,sitka,US,2021-03-13 23:02:40,57.0531,-135.33,40.0,59.0,32.27,3.09
117,kodiak,US,2021-03-13 23:02:41,57.79,-152.4072,1.0,29.0,32.27,5.66
118,dikson,RU,2021-03-13 23:02:41,73.5069,80.5464,100.0,96.0,-22.4,6.65
119,el penon,CO,2021-03-13 23:02:41,8.9892,-73.9486,94.0,64.0,81.07,1.47
120,illoqqortoormiut,,,,,,,,
121,mataura,NZ,2021-03-13 23:02:41,-46.1927,168.8643,28.0,44.0,73.27,6.26
122,khatanga,RU,2021-03-13 23:02:42,71.9667,102.5,91.0,89.0,-16.15,6.67
123,carupano,VE,2021-03-13 23:02:42,10.6678,-63.2585,100.0,94.0,73.78,2.41
124,isangel,VU,2021-03-13 23:02:42,-19.55,169.2667,90.0,83.0,82.67,4.12
125,khovu-aksy,RU,2021-03-13 23:02:42,51.1333,93.6,0.0,62.0,7.54,0.25
126,teya,RU,2021-03-13 23:02:43,60.3778,92.6267,100.0,84.0,10.99,4.85
127,bilibino,RU,2021-03-13 23:02:43,68.0546,166.4372,100.0,93.0,-3.93,2.47
128,sao filipe,CV,2021-03-13 23:02:43,14.8961,-24.4956,0.0,72.0,70.0,1.05
129,bluff,NZ,2021-03-13 23:02:43,-46.6,168.3333,33.0,44.0,73.27,6.26
130,manacapuru,BR,2021-03-13 23:02:38,-3.2997,-60.6206,20.0,100.0,75.47,0.51
131,kitchener,CA,2021-03-13 22:58:16,43.4254,-80.5112,1.0,64.0,35.28,4.63
132,san miguelito,PA,2021-03-13 23:02:44,9.0333,-79.5,90.0,73.0,79.07,2.57
133,karamea,,,,,,,,
134,coos bay,US,2021-03-13 23:00:51,43.3665,-124.2179,40.0,76.0,48.47,7.2
135,maningrida,AU,2021-03-13 23:02:44,-12.0667,134.2667,94.0,64.0,87.37,2.84
136,oranjemund,NA,2021-03-13 23:02:44,-28.55,16.4333,23.0,84.0,64.85,3.72
137,yenagoa,NG,2021-03-13 23:02:44,4.9247,6.2642,93.0,86.0,79.11,1.82
138,vestmanna,FO,2021-03-13 23:02:45,62.1564,-7.1664,75.0,87.0,41.27,11.83
139,comodoro rivadavia,AR,2021-03-13 23:02:45,-45.8667,-67.5,0.0,82.0,53.87,3.09
140,namatanai,PG,2021-03-13 23:02:45,-3.6667,152.4333,0.0,58.0,85.66,2.0
141,ilulissat,GL,2021-03-13 23:02:45,69.2167,-51.1,100.0,56.0,8.87,6.17
142,gamba,GA,2021-03-13 23:02:46,-2.65,10.0,100.0,91.0,78.55,1.33
143,bobrovskiy,RU,2021-03-13 23:02:46,56.6732,60.9807,0.0,66.0,8.87,4.0
144,san lorenzo,PY,2021-03-13 23:02:46,-25.3333,-57.5333,14.0,57.0,79.07,2.57
145,yichang,CN,2021-03-13 23:02:47,30.7144,111.2847,64.0,70.0,62.28,2.68
146,kyaikto,MM,2021-03-13 23:02:47,17.3,97.0167,1.0,43.0,92.43,3.58
147,tuktoyaktuk,CA,2021-03-13 23:02:47,69.4541,-133.0374,90.0,84.0,-10.93,4.12
148,namibe,AO,2021-03-13 23:02:47,-15.1961,12.1522,92.0,83.0,73.83,2.03
149,rocha,UY,2021-03-13 23:02:48,-34.4833,-54.3333,0.0,87.0,55.72,0.61
150,soure,BR,2021-03-13 23:02:48,-0.7167,-48.5233,99.0,87.0,78.03,3.08
151,tsihombe,,,,,,,,
152,samusu,,,,,,,,
153,hithadhoo,MV,2021-03-13 23:02:48,-0.6,73.0833,27.0,69.0,84.22,4.81
154,te anau,NZ,2021-03-13 23:02:48,-45.4167,167.7167,77.0,55.0,65.16,4.92
155,langenburg,DE,2021-03-13 23:02:49,49.2544,9.8458,90.0,93.0,35.28,4.12
156,constitucion,CL,2021-03-13 23:02:49,-35.3333,-72.4167,16.0,91.0,55.2,1.68
157,beloha,MG,2021-03-13 23:02:49,-25.1667,45.05,3.0,78.0,74.05,6.58
158,faanui,PF,2021-03-13 22:58:51,-16.4833,-151.75,0.0,73.0,83.39,5.49
159,naze,JP,2021-03-13 22:58:23,28.3667,129.4833,75.0,56.0,70.07,6.69
160,muroto,JP,2021-03-13 23:02:49,33.2833,134.15,20.0,31.0,62.87,6.17
161,bhuj,IN,2021-03-13 23:02:50,23.2667,69.6667,0.0,28.0,83.77,4.65
162,ivanteyevka,RU,2021-03-13 23:02:50,55.9711,37.9208,90.0,93.0,30.47,5.0
163,ribeira grande,PT,2021-03-13 23:02:50,38.5167,-28.7,99.0,87.0,61.92,12.84
164,thompson,CA,2021-03-13 23:02:50,55.7435,-97.8558,20.0,55.0,3.47,3.09
165,aiquile,BO,2021-03-13 23:02:51,-18.2041,-65.1807,54.0,91.0,52.29,0.61
166,kysyl-syr,RU,2021-03-13 23:02:51,63.8986,122.7617,96.0,88.0,12.7,4.01
167,sola,VU,2021-03-13 23:02:51,-13.8833,167.55,90.0,94.0,79.07,5.36
168,pokaran,IN,2021-03-13 23:02:51,26.9167,71.9167,0.0,24.0,82.9,1.8
169,hammerfest,NO,2021-03-13 23:02:52,70.6634,23.6821,90.0,86.0,26.87,1.54
170,ballina,AU,2021-03-13 23:02:52,-28.8667,153.5667,2.0,65.0,88.07,6.17
171,andros town,BS,2021-03-13 23:02:52,24.7,-77.7667,20.0,78.0,71.87,3.6
172,souillac,MU,2021-03-13 23:02:52,-20.5167,57.5167,40.0,83.0,80.87,4.12
173,terrace,CA,2021-03-13 23:02:18,54.5163,-128.6035,90.0,100.0,32.27,2.06
174,umzimvubu,,,,,,,,
175,karratha,AU,2021-03-13 23:02:53,-20.7377,116.8463,42.0,46.0,91.4,11.32
176,paita,PE,2021-03-13 23:02:53,-5.0892,-81.1144,74.0,74.0,77.29,4.35
177,imeni poliny osipenko,RU,2021-03-13 23:02:53,52.4201,136.4853,94.0,96.0,33.46,7.37
178,avarua,CK,2021-03-13 23:02:54,-21.2078,-159.775,10.0,69.0,82.67,2.57
179,virarajendrapet,IN,2021-03-13 23:02:54,12.2,75.8,25.0,41.0,80.4,2.24
180,pitimbu,BR,2021-03-13 23:02:54,-7.4706,-34.8086,0.0,88.0,77.27,2.06
181,alyangula,AU,2021-03-13 23:02:54,-13.8483,136.4192,40.0,66.0,88.07,5.14
182,puerto ayora,EC,2021-03-13 23:02:55,-0.7393,-90.3518,98.0,94.0,76.26,0.89
183,saint george,US,2021-03-13 22:58:51,37.1041,-113.5841,75.0,61.0,48.27,3.09
184,fortuna,US,2021-03-13 23:02:55,40.5982,-124.1573,90.0,81.0,48.27,2.21
185,flinders,AU,2021-03-13 23:02:55,-34.5833,150.8552,100.0,80.0,62.28,3.13
186,fort saint john,,,,,,,,
187,kruisfontein,ZA,2021-03-13 23:02:55,-34.0033,24.7314,90.0,84.0,67.26,1.79
188,partizanskoye,RU,2021-03-13 23:02:56,55.5006,94.39,100.0,80.0,8.26,10.16
189,catamarca,AR,2021-03-13 23:02:56,-28.4696,-65.7852,21.0,91.0,64.27,4.31
190,kudahuvadhoo,MV,2021-03-13 23:02:56,2.6708,72.8944,88.0,70.0,84.02,4.01
191,ballangen,NO,2021-03-13 23:02:56,68.3428,16.8315,90.0,93.0,36.27,1.54
192,jovellar,PH,2021-03-13 23:02:57,13.0695,123.5999,97.0,80.0,82.11,1.51
193,warrnambool,AU,2021-03-13 23:02:57,-38.3833,142.4833,31.0,55.0,64.27,1.34
194,hermanus,ZA,2021-03-13 23:02:57,-34.4187,19.2345,99.0,95.0,63.27,2.32
195,rovaniemi,FI,2021-03-13 23:02:57,66.5,25.7167,90.0,93.0,23.27,2.06
196,amderma,,,,,,,,
197,mecca,SA,2021-03-13 23:02:19,21.4267,39.8261,38.0,53.0,74.05,0.82
198,russell,US,2021-03-13 23:02:58,32.3502,-85.1999,1.0,82.0,66.47,0.85
199,kahului,US,2021-03-13 23:02:58,20.8947,-156.47,90.0,83.0,71.87,5.14
200,baie-comeau,CA,2021-03-13 22:59:30,49.2168,-68.1489,90.0,45.0,16.07,3.09
201,arraial do cabo,BR,2021-03-13 23:02:58,-22.9661,-42.0278,100.0,87.0,76.24,6.3
202,oum hadjer,TD,2021-03-13 23:00:25,13.2954,19.6966,20.0,16.0,78.31,5.01
203,airai,TL,2021-03-13 23:02:59,-8.9266,125.4092,59.0,80.0,72.36,0.49
204,hamilton,US,2021-03-13 23:00:05,39.1834,-84.5333,1.0,70.0,43.27,0.83
205,dakar,SN,2021-03-13 22:53:37,14.6937,-17.4441,0.0,77.0,68.27,5.14
206,beitbridge,ZW,2021-03-13 23:02:59,-22.2167,30.0,2.0,87.0,68.52,4.32
207,longyearbyen,SJ,2021-03-13 23:03:00,78.2186,15.6401,40.0,60.0,3.47,4.63
208,severo-kurilsk,RU,2021-03-13 23:03:00,50.6789,156.125,77.0,93.0,32.47,7.37
209,evans,US,2021-03-13 23:03:00,33.5337,-82.1307,1.0,45.0,66.47,2.57
210,kaitangata,NZ,2021-03-13 23:03:00,-46.2817,169.8464,8.0,62.0,66.27,2.24
211,morococha,PE,2021-03-13 23:03:01,-11.5997,-76.1411,100.0,90.0,34.02,0.56
212,christchurch,NZ,2021-03-13 23:00:48,-43.5333,172.6333,0.0,56.0,70.07,7.72
213,cidreira,BR,2021-03-13 23:03:01,-30.1811,-50.2056,6.0,87.0,73.94,4.61
214,qaqortoq,GL,2021-03-13 23:03:01,60.7167,-46.0333,75.0,63.0,26.87,1.03
215,kununurra,AU,2021-03-13 23:03:01,-15.7667,128.7333,60.0,70.0,91.67,3.6
216,saleaula,,,,,,,,
217,husavik,IS,2021-03-13 23:03:02,66.0449,-17.3389,40.0,86.0,21.47,1.03
218,baker city,US,2021-03-13 23:02:52,44.7749,-117.8344,1.0,60.0,39.47,2.06
219,asfi,MA,2021-03-13 23:03:02,32.2994,-9.2372,89.0,81.0,54.63,9.0
220,kulhudhuffushi,MV,2021-03-13 23:03:02,6.6221,73.07,47.0,75.0,83.16,6.4
221,barrhead,GB,2021-03-13 22:59:42,55.7992,-4.3929,11.0,87.0,41.27,5.14
222,tual,ID,2021-03-13 23:03:02,-5.6667,132.75,59.0,71.0,83.82,3.98
223,cardoso,BR,2021-03-13 23:03:03,-20.0819,-49.9142,50.0,68.0,71.19,1.89
224,smoky lake,CA,2021-03-13 23:03:03,54.1169,-112.4686,70.0,52.0,43.07,6.69
225,balikpapan,ID,2021-03-13 22:58:16,-1.2675,116.8289,100.0,60.0,86.14,1.01
226,zachagansk,,,,,,,,
227,katsuura,JP,2021-03-13 23:03:03,35.1333,140.3,20.0,32.0,64.67,11.83
228,urdzhar,,,,,,,,
229,puerto baquerizo moreno,EC,2021-03-13 23:03:04,-0.9,-89.6,61.0,78.0,78.12,2.1
230,timmins,CA,2021-03-13 23:03:04,48.4669,-81.3331,90.0,80.0,26.87,6.69
231,north vanlaiphai,IN,2021-03-13 23:03:04,23.1333,93.0667,5.0,23.0,78.71,2.0
232,la ronge,CA,2021-03-13 23:03:04,55.1001,-105.2842,51.0,47.0,32.27,5.14
233,khonuu,,,,,,,,
234,padre bernardo,BR,2021-03-13 23:03:05,-15.35,-48.5,100.0,90.0,69.49,0.96
235,yantal,RU,2021-03-13 23:03:05,56.8471,105.2542,100.0,84.0,9.63,6.19
236,poum,NC,2021-03-13 23:03:05,-20.2333,164.0167,100.0,69.0,81.21,4.08
237,matagami,CA,2021-03-13 23:02:34,49.7502,-77.6328,40.0,86.0,16.07,9.26
238,sorland,NO,2021-03-13 23:03:06,67.667,12.6934,94.0,85.0,42.03,5.22
239,llanes,ES,2021-03-13 23:03:06,43.4198,-4.7549,91.0,73.0,55.27,6.44
240,mehamn,NO,2021-03-13 23:03:06,71.0357,27.8492,100.0,86.0,22.82,2.91
241,tiksi,RU,2021-03-13 23:03:06,71.6872,128.8694,87.0,85.0,2.62,3.34
242,samana,DO,2021-03-13 23:03:06,19.2056,-69.3369,10.0,87.0,72.01,3.68
243,micheweni,TZ,2021-03-13 23:03:07,-4.9667,39.8333,1.0,73.0,78.96,1.09
244,cap malheureux,MU,2021-03-13 23:03:07,-19.9842,57.6142,100.0,88.0,77.27,0.89
245,salta,AR,2021-03-13 23:03:07,-24.7859,-65.4117,75.0,83.0,68.27,1.54
246,pangnirtung,CA,2021-03-13 23:03:07,66.1451,-65.7125,100.0,96.0,-10.57,0.21
247,tommot,RU,2021-03-13 23:03:08,58.9564,126.2925,100.0,74.0,22.93,1.63
248,half moon bay,US,2021-03-13 23:03:08,37.4636,-122.4286,90.0,71.0,49.26,3.09
249,ancud,CL,2021-03-13 23:03:04,-41.8697,-73.8203,0.0,93.0,50.27,3.6
250,dudinka,RU,2021-03-13 23:03:08,69.4058,86.1778,100.0,94.0,-7.65,6.57
251,magole,TZ,2021-03-13 23:03:08,-6.3667,37.3667,75.0,100.0,70.07,0.7
252,rafai,CF,2021-03-13 23:03:09,4.95,23.9167,100.0,98.0,67.82,0.59
253,georgetown,MY,2021-03-13 23:03:09,5.4112,100.3354,20.0,65.0,86.27,1.03
254,yatou,CN,2021-03-13 23:03:09,37.15,122.3833,13.0,51.0,57.63,3.94
255,iqaluit,CA,2021-03-13 23:03:09,63.7506,-68.5145,20.0,69.0,-21.73,6.69
256,komsomolskiy,UZ,2021-03-13 23:03:10,40.4272,71.7189,75.0,52.0,41.27,11.32
257,bonthe,SL,2021-03-13 23:03:10,7.5264,-12.505,100.0,84.0,78.62,1.73
258,morden,CA,2021-03-13 22:59:58,49.1919,-98.1014,0.0,55.0,32.27,1.03
259,zurrieq,MT,2021-03-13 23:03:10,35.8311,14.4742,20.0,87.0,55.27,3.09
260,lompoc,US,2021-03-13 23:03:10,34.6391,-120.4579,90.0,71.0,52.07,1.54
261,high rock,BS,2021-03-13 23:03:11,26.6208,-78.2833,1.0,82.0,64.67,1.54
262,berlevag,NO,2021-03-13 23:03:11,70.8578,29.0864,100.0,84.0,24.84,2.88
263,marawi,PH,2021-03-13 23:03:11,7.9986,124.2928,96.0,81.0,83.26,3.13
264,tizimin,MX,2021-03-13 23:03:11,21.15,-88.15,6.0,82.0,68.43,2.74
265,castro,BR,2021-03-13 23:03:12,-24.7911,-50.0119,15.0,93.0,62.92,1.47
266,moramanga,MG,2021-03-13 23:03:12,-18.9333,48.2,18.0,90.0,62.28,1.37
267,kirakira,SB,2021-03-13 23:03:12,-10.4544,161.9205,100.0,94.0,75.79,0.93
268,roald,NO,2021-03-13 23:03:13,62.5833,6.1333,75.0,70.0,41.27,4.12
269,juneau,US,2021-03-13 23:03:13,58.3019,-134.4197,90.0,63.0,23.27,3.26
270,yanam,IN,2021-03-13 23:03:13,16.7333,82.2167,59.0,69.0,80.87,1.0
271,sault sainte marie,CA,2021-03-13 23:03:13,46.5168,-84.3333,1.0,60.0,39.47,4.12
272,alofi,NU,2021-03-13 23:03:14,-19.0595,-169.9187,98.0,65.0,84.47,3.6
273,norman wells,CA,2021-03-13 23:03:14,65.282,-126.8329,75.0,71.0,-3.73,0.79
274,leshan,CN,2021-03-13 23:03:14,29.5623,103.7639,1.0,43.0,76.5,2.1
275,baherden,TM,2021-03-13 23:03:14,38.4362,57.4316,0.0,83.0,24.49,3.09
276,urusha,RU,2021-03-13 23:03:14,54.05,122.9,100.0,98.0,33.37,2.06
277,paliyad,IN,2021-03-13 23:03:15,22.25,71.5667,0.0,22.0,86.77,5.85
278,elmina,GH,2021-03-13 23:03:15,5.0898,-1.348,100.0,85.0,80.17,4.41
279,marrakesh,MA,2021-03-13 23:03:15,31.6315,-8.0083,0.0,87.0,53.87,3.09
280,lodja,CD,2021-03-13 23:03:15,-3.4833,23.4333,100.0,97.0,70.23,0.64
281,bitung,ID,2021-03-13 23:03:16,1.4451,125.1824,20.0,62.0,89.87,3.09
282,tateyama,JP,2021-03-13 23:03:16,34.9833,139.8667,20.0,48.0,64.67,4.12
283,bay roberts,CA,2021-03-13 23:03:16,47.5999,-53.2648,78.0,77.0,27.27,1.79
284,matara,LK,2021-03-13 23:03:16,5.9485,80.5353,98.0,63.0,84.51,3.72
285,lata,PT,2021-03-13 23:03:17,40.1629,-8.3327,0.0,91.0,51.28,1.48
286,marica,BR,2021-03-13 23:03:17,-22.9194,-42.8186,40.0,83.0,79.27,1.03
287,bilma,NE,2021-03-13 23:03:17,18.6853,12.9164,0.0,13.0,73.69,2.38
288,nueva italia,PY,2021-03-13 23:03:17,-25.6167,-57.5,0.0,57.0,79.07,2.57
289,makakilo city,US,2021-03-13 23:01:59,21.3469,-158.0858,75.0,57.0,79.07,3.09
290,barentsburg,,,,,,,,
291,kerki,,,,,,,,
292,talnakh,RU,2021-03-13 23:03:18,69.4865,88.3972,100.0,97.0,-19.53,4.96
293,acarau,BR,2021-03-13 23:01:55,-2.8856,-40.12,89.0,87.0,77.31,2.48
294,rincon,US,2021-03-13 23:03:18,32.296,-81.2354,1.0,82.0,61.07,2.57
295,marang,MY,2021-03-13 23:03:18,5.2056,103.2059,40.0,70.0,86.27,2.06
296,magdagachi,RU,2021-03-13 23:03:19,53.45,125.8,100.0,85.0,36.63,3.33
297,amol,IR,2021-03-13 23:03:19,36.4696,52.3507,19.0,77.0,37.8,2.17
298,pitsunda,GE,2021-03-13 23:03:19,43.1592,40.3378,90.0,70.0,39.47,7.0
299,mayumba,GA,2021-03-13 23:03:19,-3.432,10.6554,100.0,89.0,79.97,2.58
300,aksu,CN,2021-03-13 23:03:20,41.1231,80.2644,93.0,23.0,59.34,1.63
301,altagracia de orituco,VE,2021-03-13 23:03:20,9.8601,-66.3814,86.0,88.0,71.76,1.95
302,boyolangu,ID,2021-03-13 23:03:20,-8.1181,111.8935,86.0,66.0,85.69,1.8
303,gorontalo,ID,2021-03-13 23:03:20,0.5412,123.0595,47.0,71.0,86.5,1.66
304,saint-leu,RE,2021-03-13 23:03:21,-21.15,55.2833,40.0,74.0,80.87,4.63
305,anadyr,RU,2021-03-13 23:03:21,64.75,177.4833,20.0,86.0,23.27,2.0
306,richards bay,ZA,2021-03-13 22:58:29,-28.783,32.0377,0.0,86.0,71.58,4.71
307,nabire,ID,2021-03-13 23:03:21,-3.3667,135.4833,48.0,63.0,86.09,2.08
308,port macquarie,AU,2021-03-13 23:03:21,-31.4333,152.9167,40.0,83.0,77.27,5.66
309,yeppoon,AU,2021-03-13 23:03:22,-23.1333,150.7333,5.0,40.0,91.67,3.6
310,mersing,MY,2021-03-13 23:03:22,2.4312,103.8405,40.0,79.0,86.27,4.12
311,bokhan,RU,2021-03-13 23:03:22,53.153,103.7714,100.0,78.0,9.41,11.06
312,ayagoz,KZ,2021-03-13 23:03:22,47.9714,80.4392,100.0,80.0,2.75,9.01
313,vila do maio,CV,2021-03-13 23:03:23,15.1333,-23.2167,0.0,88.0,66.47,4.12
314,east london,ZA,2021-03-13 23:03:23,-33.0153,27.9116,0.0,83.0,71.87,3.09
315,labuhan,ID,2021-03-13 23:03:23,-6.8844,112.2051,56.0,67.0,85.55,2.71
316,north bend,US,2021-03-13 23:03:23,43.4065,-124.2243,1.0,71.0,48.47,5.66
317,jutai,BR,2021-03-13 23:03:24,-5.1833,-68.9,86.0,94.0,72.27,0.69
318,vardo,NO,2021-03-13 23:03:24,70.3705,31.1107,100.0,91.0,25.7,0.91
319,neiafu,TO,2021-03-13 23:03:24,-18.65,-173.9833,40.0,74.0,84.47,2.57
320,biloela,AU,2021-03-13 23:03:24,-24.4167,150.5,14.0,37.0,90.3,1.33
321,paradwip,,,,,,,,
322,madras,IN,2021-03-13 23:00:10,13.0878,80.2785,20.0,74.0,80.87,2.57
323,el balyana,,,,,,,,
324,bukama,CD,2021-03-13 23:03:25,-9.2,25.85,84.0,85.0,67.15,0.67
325,sao joao batista,BR,2021-03-13 23:03:25,-27.2761,-48.8494,100.0,97.0,76.26,0.3
326,hervey bay,AU,2021-03-13 23:03:25,-25.2986,152.8535,75.0,58.0,84.47,4.12
327,beringovskiy,RU,2021-03-13 23:03:26,63.05,179.3167,33.0,93.0,26.17,3.04
328,moindou,NC,2021-03-13 23:03:26,-21.6924,165.677,75.0,48.0,88.07,3.6
329,klaksvik,FO,2021-03-13 23:03:26,62.2266,-6.589,75.0,87.0,41.27,11.83
330,manoel urbano,BR,2021-03-13 23:03:26,-8.8389,-69.2597,100.0,98.0,71.89,0.88
331,homer,US,2021-03-13 23:03:27,59.6425,-151.5483,1.0,42.0,21.47,3.09
332,vostok,RU,2021-03-13 23:02:50,46.4856,135.8833,24.0,81.0,39.87,0.9
333,clermont,FR,2021-03-13 23:03:27,49.5,2.4167,75.0,93.0,39.47,5.14
334,ossora,RU,2021-03-13 23:03:27,59.2353,163.0719,99.0,67.0,12.49,2.46
335,wangkui,CN,2021-03-13 23:03:27,46.8333,126.5,0.0,80.0,40.23,6.51
336,tukrah,LY,2021-03-13 23:03:28,32.5341,20.5791,100.0,56.0,58.5,2.57
337,estelle,US,2021-03-13 23:03:28,29.8458,-90.1067,90.0,94.0,67.26,4.12
338,harindanga,IN,2021-03-13 23:03:28,22.0383,88.3214,0.0,57.0,79.07,1.97
339,sri aman,MY,2021-03-13 23:03:28,1.2376,111.4621,20.0,79.0,84.47,1.03
340,chumikan,RU,2021-03-13 23:03:29,54.7183,135.315,100.0,81.0,38.98,6.84
341,plomarion,GR,2021-03-13 23:03:29,38.9767,26.3681,20.0,87.0,48.47,2.35
342,khasan,RU,2021-03-13 23:03:29,42.4308,130.6434,0.0,49.0,48.99,3.15
343,boa vista,BR,2021-03-13 22:58:47,2.8197,-60.6733,0.0,83.0,77.27,1.03
344,krasnokamensk,RU,2021-03-13 23:03:30,50.0979,118.0369,79.0,50.0,42.69,9.31
345,mackay,AU,2021-03-13 23:03:30,-21.15,149.2,11.0,66.0,86.27,5.66
346,mys shmidta,,,,,,,,
347,lufilufi,WS,2021-03-13 23:03:30,-13.8745,-171.5986,75.0,70.0,91.67,3.09
348,saint-pierre,RE,2021-03-13 23:03:30,-21.3393,55.4781,40.0,74.0,80.87,4.63
349,hovd,MN,2021-03-13 23:03:31,48.0056,91.6419,69.0,25.0,16.93,5.97
350,emerald,AU,2021-03-13 23:03:31,-23.5333,148.1667,40.0,40.0,91.67,1.54
351,straumen,NO,2021-03-13 23:03:31,63.8709,11.2999,0.0,80.0,35.28,4.12
352,paamiut,GL,2021-03-13 23:03:31,61.994,-49.6678,100.0,52.0,18.9,2.69
353,sao joao da barra,BR,2021-03-13 23:03:32,-21.6403,-41.0511,49.0,89.0,75.76,5.74
354,omsukchan,RU,2021-03-13 23:03:32,62.5333,155.8,5.0,84.0,-3.24,1.69
355,banda aceh,ID,2021-03-13 23:03:32,5.5577,95.3222,38.0,60.0,86.59,1.41
356,farafangana,MG,2021-03-13 23:03:32,-22.8167,47.8333,53.0,86.0,76.39,3.85
357,samarai,PG,2021-03-13 23:03:33,-10.6167,150.6667,99.0,71.0,84.7,6.88
358,bethlehem,BR,2021-03-13 23:03:33,-1.4558,-48.5044,0.0,94.0,75.47,2.06
359,daru,PG,2021-03-13 23:03:33,-9.0763,143.2092,100.0,66.0,85.24,2.82
360,camacha,PT,2021-03-13 23:03:33,33.0833,-16.3333,75.0,67.0,59.27,6.69
361,gizo,SB,2021-03-13 23:03:34,-8.103,156.8419,13.0,66.0,84.83,2.31
362,dingle,PH,2021-03-13 23:03:34,10.9995,122.6711,69.0,75.0,83.93,1.1
363,marv dasht,,,,,,,,
364,caohai,CN,2021-03-13 23:03:34,26.8661,104.2841,18.0,44.0,63.84,7.97
365,belle fourche,US,2021-03-13 23:03:35,44.6714,-103.8522,90.0,100.0,43.27,6.69
366,byron bay,AU,2021-03-13 22:56:59,-28.65,153.6167,3.0,65.0,87.28,6.17
367,maumere,ID,2021-03-13 23:03:35,-8.6199,122.2111,77.0,74.0,84.25,0.95
368,sabang,ID,2021-03-13 23:03:35,5.8933,95.3214,62.0,72.0,83.82,5.87
369,okhotsk,RU,2021-03-13 23:03:36,59.3833,143.3,100.0,82.0,9.77,2.91
370,fairbanks,US,2021-03-13 23:02:41,64.8378,-147.7164,1.0,51.0,7.27,1.88
371,nizhniy baskunchak,RU,2021-03-13 23:03:36,48.2198,46.8311,78.0,49.0,24.64,5.45
372,angra,,,,,,,,
373,nam som,TH,2021-03-13 23:03:36,17.7704,102.1895,0.0,58.0,91.27,2.06
374,batagay-alyta,RU,2021-03-13 23:03:37,67.8006,130.4114,68.0,84.0,-5.67,1.51
375,sterling,US,2021-03-13 23:02:08,39.0062,-77.4286,1.0,36.0,46.67,3.96
376,chikwawa,MW,2021-03-13 23:03:37,-16.0335,34.8009,98.0,99.0,72.39,0.77
377,okha,RU,2021-03-13 23:03:37,53.5739,142.9478,53.0,90.0,35.64,7.68
378,sukhothai,TH,2021-03-13 23:03:38,17.25,99.6667,39.0,74.0,92.26,2.06
379,fort nelson,CA,2021-03-13 23:03:38,58.8053,-122.7002,90.0,78.0,1.67,3.6
380,ruatoria,,,,,,,,
381,diffa,NE,2021-03-13 23:03:38,13.3154,12.6113,91.0,11.0,79.54,3.39
382,sao paulo de olivenca,BR,2021-03-13 23:03:38,-3.3783,-68.8725,91.0,97.0,72.54,0.64
383,skalistyy,,,,,,,,
384,barawe,,,,,,,,
385,celestun,MX,2021-03-13 23:03:39,20.8667,-90.4,0.0,73.0,76.14,7.03
386,falealupo,,,,,,,,
387,yining,CN,2021-03-13 23:03:39,29.0361,114.5636,0.0,58.0,73.2,0.81
388,rena,NO,2021-03-13 23:03:39,61.1348,11.3641,56.0,93.0,27.27,1.17
389,pevek,RU,2021-03-13 23:03:39,69.7008,170.3133,99.0,95.0,-2.49,2.28
390,porto walter,BR,2021-03-13 23:03:40,-8.2686,-72.7439,97.0,97.0,72.21,0.63
391,nago,JP,2021-03-13 23:03:40,26.5881,127.9761,40.0,56.0,73.67,2.06
392,rudnichnyy,RU,2021-03-13 23:03:40,59.617,52.4703,100.0,90.0,10.65,5.3
393,severomuysk,RU,2021-03-13 23:03:40,56.1481,113.4267,100.0,93.0,15.78,5.09
394,mogadishu,SO,2021-03-13 23:03:41,2.0371,45.3438,100.0,82.0,80.37,5.36
395,goundam,ML,2021-03-13 23:03:41,16.4145,-3.6708,0.0,41.0,67.35,2.98
396,itarema,BR,2021-03-13 23:03:41,-2.9248,-39.9167,81.0,87.0,77.05,2.41
397,mandan,US,2021-03-13 23:00:58,46.8267,-100.8896,1.0,45.0,46.67,4.63
398,biak,ID,2021-03-13 23:03:41,-0.9131,122.8766,70.0,74.0,83.23,0.77
399,zhangjiakou,CN,2021-03-13 23:03:42,40.81,114.8794,100.0,67.0,48.25,5.07
400,mujiayingzi,CN,2021-03-13 23:03:42,42.1167,118.7833,100.0,51.0,51.22,6.81
401,benidorm,ES,2021-03-13 23:03:42,38.5382,-0.131,0.0,67.0,55.27,2.39
402,sorong,ID,2021-03-13 23:03:30,-0.8833,131.25,100.0,79.0,82.02,6.53
403,esperance,AU,2021-03-13 23:03:42,-33.8667,121.9,75.0,45.0,68.27,3.6
404,tilichiki,RU,2021-03-13 23:03:43,60.4667,166.1,100.0,80.0,4.37,6.77
405,leningradskiy,RU,2021-03-13 23:03:43,69.3833,178.4167,100.0,89.0,24.33,4.21
406,road town,VG,2021-03-13 23:03:43,18.4167,-64.6167,37.0,83.0,76.26,2.68
407,sinnamary,GF,2021-03-13 23:03:43,5.3833,-52.95,100.0,89.0,77.25,5.59
408,smolenka,RU,2021-03-13 23:03:44,52.1352,113.4974,40.0,64.0,32.27,3.6
409,krasnoselkup,RU,2021-03-13 23:03:44,65.7,82.4667,92.0,96.0,-7.1,7.55
410,haines junction,CA,2021-03-13 23:03:44,60.7522,-137.5108,100.0,51.0,5.27,0.51
411,port-gentil,GA,2021-03-13 23:03:44,-0.7193,8.7815,100.0,77.0,82.0,3.07
412,gornopravdinsk,RU,2021-03-13 23:03:45,60.05,69.9,51.0,94.0,9.97,3.96
413,hualmay,PE,2021-03-13 23:01:21,-11.0964,-77.6139,46.0,76.0,72.39,1.7
414,daram,PH,2021-03-13 23:03:45,11.6341,124.7947,29.0,72.0,82.53,1.75
415,wajima,JP,2021-03-13 23:03:45,37.4,136.9,40.0,57.0,46.67,5.14
416,mahon,ES,2021-03-13 23:03:45,39.8885,4.2658,20.0,93.0,50.27,3.09
417,tekkali,IN,2021-03-13 23:03:46,18.6167,84.2333,0.0,28.0,88.14,3.07
418,lasa,IT,2021-03-13 23:03:46,46.6166,10.7002,90.0,100.0,38.26,3.23
419,leh,IN,2021-03-13 22:59:11,34.1667,77.5833,69.0,51.0,25.39,1.17
420,storm lake,US,2021-03-13 23:03:46,42.6411,-95.2097,90.0,65.0,47.26,5.14
421,bud,US,2021-03-13 23:03:46,39.447,-86.1758,1.0,65.0,43.27,2.49
422,zhigansk,RU,2021-03-13 23:03:47,66.7697,123.3711,92.0,89.0,8.15,5.29
423,saldanha,ZA,2021-03-13 23:03:47,-33.0117,17.9442,100.0,88.0,66.47,3.09
424,pisco,PE,2021-03-13 23:03:47,-13.7,-76.2167,20.0,88.0,72.27,1.54
425,vrangel,RU,2021-03-13 23:03:47,42.7297,133.0839,49.0,49.0,45.45,2.2
426,sept-iles,CA,2021-03-13 23:03:48,50.2001,-66.3821,40.0,48.0,14.27,4.12
427,shizukuishi,JP,2021-03-13 23:03:48,39.6833,140.9833,75.0,87.0,41.27,4.12
428,tanabe,JP,2021-03-13 23:03:48,33.7333,135.3667,20.0,47.0,55.67,8.23
429,dzhusaly,,,,,,,,
430,iranshahr,IR,2021-03-13 23:03:48,27.2025,60.6848,0.0,49.0,68.27,1.5
431,nivala,FI,2021-03-13 23:03:49,63.9167,24.9667,92.0,93.0,30.27,1.83
432,waitati,NZ,2021-03-13 23:03:49,-45.75,170.5667,0.0,71.0,65.26,4.92
433,zaraza,VE,2021-03-13 23:03:49,9.3503,-65.3245,100.0,77.0,77.2,2.11
434,moranbah,AU,2021-03-13 23:03:49,-22.0016,148.0466,0.0,34.0,91.96,3.79
435,moskovskiy,RU,2021-03-13 23:03:50,55.5991,37.355,90.0,93.0,30.47,3.0
436,saint-francois,FR,2021-03-13 23:03:50,46.4154,3.9054,90.0,87.0,39.47,3.09
437,devyatka,,,,,,,,
438,belyy yar,RU,2021-03-13 23:03:23,53.6039,91.3903,0.0,56.0,7.07,4.0
439,salvador,SV,2021-03-13 23:00:01,13.8333,-88.9167,20.0,83.0,77.27,0.51
440,grand gaube,MU,2021-03-13 23:03:50,-20.0064,57.6608,100.0,88.0,77.27,0.89
441,manavalakurichi,IN,2021-03-13 23:03:14,8.1333,77.3,20.0,62.0,88.07,1.03
442,churapcha,RU,2021-03-13 23:03:51,62.0025,132.4325,100.0,83.0,17.64,6.66
443,bambanglipuro,ID,2021-03-13 23:03:06,-7.95,110.2833,70.0,60.0,86.99,3.28
444,port moresby,PG,2021-03-13 23:03:51,-9.4431,147.1797,75.0,70.0,86.27,1.54
445,chagda,,,,,,,,
446,yar-sale,RU,2021-03-13 23:03:51,66.8333,70.8333,99.0,89.0,8.47,4.28
447,matamoros,MX,2021-03-13 23:03:51,25.5333,-103.25,40.0,7.0,88.07,4.12
448,liverpool,GB,2021-03-13 23:03:52,53.4106,-2.9779,75.0,87.0,46.67,9.77
449,dukat,RU,2021-03-13 23:03:52,62.55,155.55,60.0,89.0,-6.21,1.79
450,hearst,CA,2021-03-13 23:03:52,49.6835,-83.6665,76.0,63.0,23.27,4.12
451,kenai,US,2021-03-13 23:03:52,60.5544,-151.2583,1.0,67.0,12.47,1.54
452,antofagasta,CL,2021-03-13 23:02:23,-23.65,-70.4,75.0,88.0,66.47,3.6
453,quesnel,CA,2021-03-13 23:03:53,52.9999,-122.5029,20.0,40.0,48.47,3.6
454,lorengau,PG,2021-03-13 23:03:53,-2.0226,147.2712,68.0,66.0,84.81,0.95
455,konevo,RU,2021-03-13 23:03:53,62.1215,39.3192,100.0,93.0,29.21,4.54
456,nueva guinea,NI,2021-03-13 22:59:06,11.6876,-84.4562,2.0,97.0,69.15,2.65
457,port lincoln,AU,2021-03-13 23:03:54,-34.7333,135.8667,96.0,48.0,62.64,4.76
458,parras,,,,,,,,
459,labytnangi,RU,2021-03-13 23:03:54,66.6572,66.4183,98.0,86.0,7.16,3.05
460,orotukan,RU,2021-03-13 23:03:54,62.2667,151.7,0.0,77.0,-1.16,1.57
461,bauru,BR,2021-03-13 23:03:54,-22.3147,-49.0606,11.0,80.0,73.27,1.79
462,havre-saint-pierre,CA,2021-03-13 23:03:55,50.2334,-63.5986,1.0,52.0,12.47,7.2
463,portland,US,2021-03-13 23:00:34,45.5234,-122.6762,100.0,64.0,52.27,1.39
464,panaba,MX,2021-03-13 23:03:55,21.2833,-88.2667,7.0,79.0,69.15,3.91
465,fushan,CN,2021-03-13 23:03:55,37.4958,121.2581,1.0,45.0,60.1,2.88
466,ulaangom,MN,2021-03-13 23:03:55,49.9811,92.0667,0.0,60.0,7.47,1.85
467,beihai,CN,2021-03-13 23:03:56,21.4833,109.1,3.0,78.0,74.37,4.51
468,puerto del rosario,ES,2021-03-13 23:03:13,28.5004,-13.8627,40.0,72.0,64.67,6.17
469,palatca,RO,2021-03-13 23:03:56,46.85,23.9833,0.0,87.0,35.87,1.54
470,axim,GH,2021-03-13 23:03:56,4.8699,-2.2405,97.0,85.0,79.66,3.81
471,yazd,IR,2021-03-13 23:03:56,31.8972,54.3675,0.0,56.0,41.27,1.03
472,yelizovo,RU,2021-03-13 23:03:57,53.1873,158.3805,40.0,48.0,35.87,7.0
473,murashi,RU,2021-03-13 23:03:57,59.3999,48.9615,100.0,92.0,12.97,5.06
474,vagur,FO,2021-03-13 23:03:57,61.4732,-6.8119,5.0,76.0,42.4,13.12
475,nishihara,JP,2021-03-13 23:03:57,26.1842,127.7558,40.0,53.0,73.67,5.66
476,srednekolymsk,RU,2021-03-13 23:03:58,67.45,153.6833,58.0,87.0,-8.86,1.34
477,goderich,CA,2021-03-13 23:01:30,43.7501,-81.7165,0.0,70.0,37.67,5.14
478,knysna,ZA,2021-03-13 23:03:58,-34.0363,23.0471,0.0,94.0,59.27,2.57
479,myra,IT,2021-03-13 23:03:58,45.4358,12.1348,40.0,93.0,46.67,2.57
480,viedma,AR,2021-03-13 23:03:58,-40.8135,-62.9967,0.0,57.0,65.55,2.5
481,umm kaddadah,SD,2021-03-13 23:03:59,13.6017,26.6876,4.0,10.0,71.49,7.44
482,damietta,EG,2021-03-13 23:01:50,31.4165,31.8133,20.0,72.0,57.47,3.6
483,polunochnoye,RU,2021-03-13 23:03:59,60.8697,60.4153,100.0,81.0,13.96,4.16
484,sao jose da coroa grande,BR,2021-03-13 23:03:59,-8.8978,-35.1478,10.0,79.0,77.86,4.1
485,lanzhou,CN,2021-03-13 23:03:59,36.0564,103.7922,96.0,19.0,55.67,3.0
486,dalvik,IS,2021-03-13 23:04:00,65.9702,-18.5286,40.0,86.0,21.47,1.03
487,tay ninh,VN,2021-03-13 23:04:00,11.3,106.1,7.0,35.0,92.05,3.36
488,esil,KZ,2021-03-13 23:04:00,51.9556,66.4042,0.0,92.0,-1.73,1.74
489,trelew,AR,2021-03-13 23:04:00,-43.249,-65.3051,79.0,58.0,61.07,8.42
490,cabedelo,BR,2021-03-13 23:04:01,-6.9811,-34.8339,0.0,88.0,75.47,1.54
491,palabuhanratu,,,,,,,,
492,hattiesburg,US,2021-03-13 23:00:42,31.3271,-89.2903,1.0,77.0,64.27,1.54
493,salinopolis,BR,2021-03-13 23:04:01,-0.6136,-47.3561,83.0,86.0,78.1,2.9
494,olinda,BR,2021-03-13 23:04:01,-8.0089,-34.8553,75.0,61.0,80.87,3.09
495,senhor do bonfim,BR,2021-03-13 23:04:01,-10.4614,-40.1894,43.0,92.0,67.82,2.51
496,raga,SS,2021-03-13 23:04:02,8.4596,25.678,100.0,27.0,73.51,1.22
497,borlange,,,,,,,,
498,vila,PT,2021-03-13 23:04:02,42.0304,-8.1588,43.0,93.0,41.27,0.45
499,sabzevar,IR,2021-03-13 23:04:02,36.2126,57.6819,0.0,69.0,28.67,3.09
500,ercis,TR,2021-03-13 23:01:16,39.0287,43.3586,40.0,93.0,26.87,2.06
501,naryan-mar,RU,2021-03-13 23:04:03,67.6713,53.087,90.0,96.0,2.79,3.32
502,formoso do araguaia,,,,,,,,
503,louisbourg,,,,,,,,
504,jalu,LY,2021-03-13 23:04:03,29.0331,21.5482,55.0,40.0,58.19,5.1
505,bada,RU,2021-03-13 23:04:03,51.392,109.8717,100.0,83.0,20.28,8.47
506,moyale,KE,2021-03-13 23:04:03,3.5167,39.0584,0.0,79.0,65.3,1.21
507,lamu,KE,2021-03-13 23:04:04,-2.2717,40.902,1.0,83.0,77.27,3.02
508,kidal,ML,2021-03-13 23:04:04,18.4411,1.4078,33.0,38.0,65.52,4.93
509,hue,VN,2021-03-13 23:03:11,16.4667,107.6,40.0,65.0,82.67,2.06
510,babu,CN,2021-03-13 23:04:04,24.4167,111.5167,35.0,61.0,79.92,1.32
511,nuuk,GL,2021-03-13 23:01:41,64.1835,-51.7216,75.0,73.0,16.07,6.17
512,ulenje,TZ,2021-03-13 23:04:04,-8.9333,33.6833,70.0,81.0,53.87,1.26
513,algiers,DZ,2021-03-13 23:02:08,36.7525,3.042,20.0,93.0,48.47,2.06
514,asyut,EG,2021-03-13 23:04:05,27.181,31.1837,0.0,71.0,46.67,4.12
515,egvekinot,RU,2021-03-13 23:04:05,66.3167,-179.1667,100.0,94.0,20.55,6.0
516,faya,SA,2021-03-13 23:04:05,18.3851,42.4509,0.0,88.0,61.07,1.07
517,berberati,CF,2021-03-13 23:04:06,4.2612,15.7922,100.0,94.0,70.66,2.02
518,jinka,ET,2021-03-13 23:04:06,5.65,36.65,14.0,61.0,66.02,0.88
519,torbay,CA,2021-03-13 23:03:19,47.6666,-52.7314,75.0,86.0,29.26,10.29
520,inhambane,MZ,2021-03-13 23:04:06,-23.865,35.3833,23.0,81.0,74.41,3.26
521,bargal,,,,,,,,
522,bhatkal,IN,2021-03-13 23:04:06,13.9667,74.5667,76.0,63.0,85.03,0.32
523,prescott,US,2021-03-13 23:04:07,34.54,-112.4685,1.0,93.0,31.26,2.57
524,coahuayana,MX,2021-03-13 23:04:07,18.7333,-103.6833,0.0,71.0,69.73,1.18
525,verkhnevilyuysk,RU,2021-03-13 23:04:07,63.4453,120.3167,44.0,84.0,14.94,4.19
526,hastings,GB,2021-03-13 23:04:08,50.8552,0.5729,84.0,80.0,42.28,3.13
527,mangrol,IN,2021-03-13 23:04:08,21.1167,70.1167,0.0,39.0,83.17,5.83
528,victoria,HK,2021-03-13 23:03:00,22.2855,114.1577,77.0,82.0,72.27,1.79
529,the valley,AI,2021-03-13 23:04:08,18.217,-63.0578,0.0,83.0,77.27,1.03
530,nara,JP,2021-03-13 23:04:08,34.6851,135.8049,40.0,50.0,59.27,3.6
531,jiehu,CN,2021-03-13 23:04:09,35.5428,118.455,52.0,53.0,60.31,4.82
532,senanga,ZM,2021-03-13 23:04:09,-16.1167,23.2667,3.0,95.0,64.81,1.6
533,porbandar,IN,2021-03-13 23:04:09,21.6422,69.6093,0.0,57.0,75.47,3.09
534,sigulda,LV,2021-03-13 23:04:09,57.1519,24.8647,100.0,96.0,33.28,1.34
535,solnechnyy,RU,2021-03-13 23:04:10,50.7214,136.6319,19.0,81.0,37.49,3.42
536,port hardy,CA,2021-03-13 23:04:10,50.6996,-127.4199,90.0,87.0,46.67,7.2
537,korla,CN,2021-03-13 23:04:10,41.7597,86.1469,76.0,26.0,58.6,1.99
538,cassilandia,BR,2021-03-13 23:04:10,-19.1133,-51.7342,50.0,76.0,71.1,0.88
539,toliary,,,,,,,,
540,zhezkazgan,KZ,2021-03-13 23:04:11,47.8043,67.7144,100.0,74.0,6.21,6.09
541,ilo,PE,2021-03-13 23:04:11,-17.6394,-71.3375,22.0,86.0,71.53,1.61
542,hanmer springs,NZ,2021-03-13 23:04:11,-42.5167,172.8167,0.0,20.0,79.09,3.08
543,yuancheng,CN,2021-03-13 23:03:17,36.652,107.7896,100.0,24.0,58.17,5.3
544,santa maria,BR,2021-03-13 23:04:11,-29.6842,-53.8069,0.0,94.0,64.67,2.57
545,kuche,,,,,,,,
546,waipawa,NZ,2021-03-13 23:04:12,-41.4122,175.5153,20.0,64.0,68.27,8.75
547,stoyba,,,,,,,,
548,pacific grove,US,2021-03-13 22:59:20,36.6177,-121.9166,7.0,81.0,50.27,2.24
549,oistins,BB,2021-03-13 23:04:12,13.0667,-59.5333,40.0,69.0,79.07,4.63
550,mabaruma,GY,2021-03-13 23:04:12,8.2,-59.7833,100.0,97.0,72.41,0.78
551,aklavik,CA,2021-03-13 23:04:13,68.2191,-135.0107,24.0,77.0,-10.93,3.6
552,honiara,SB,2021-03-13 23:04:13,-9.4333,159.95,87.0,83.0,82.04,1.71
553,orel-izumrud,RU,2021-03-13 23:04:13,43.4583,39.9244,90.0,70.0,39.47,7.0
554,chokurdakh,RU,2021-03-13 23:04:13,70.6333,147.9167,0.0,84.0,-12.21,1.41
555,jalcocotan,MX,2021-03-13 23:04:14,21.4667,-105.1167,0.0,72.0,62.78,1.34
556,florianopolis,BR,2021-03-13 23:04:14,-27.6146,-48.5012,75.0,78.0,79.07,3.6
557,andenes,NO,2021-03-13 23:04:14,69.3143,16.1194,75.0,87.0,37.67,4.12
558,kiama,AU,2021-03-13 23:04:14,-34.6833,150.8667,100.0,91.0,62.28,2.68
559,batticaloa,LK,2021-03-13 23:04:15,7.7102,81.6924,43.0,75.0,82.62,4.75
560,kahramanmaras,TR,2021-03-13 23:04:15,38.0,37.0,40.0,93.0,35.87,1.54
561,nechi,CO,2021-03-13 23:04:15,8.0942,-74.7757,77.0,89.0,74.59,0.16
562,novyy svit,UA,2021-03-13 23:04:15,47.8059,38.0211,86.0,92.0,31.42,3.05
563,yima,CN,2021-03-13 23:04:16,34.7381,111.8839,100.0,99.0,60.28,2.46
564,urubicha,BO,2021-03-13 23:04:16,-15.3833,-62.95,99.0,90.0,72.21,0.63
565,lithakia,GR,2021-03-13 23:04:16,37.7167,20.8333,40.0,87.0,50.27,1.5
566,tokonou,GN,2021-03-13 23:04:16,9.65,-9.7833,100.0,37.0,75.04,1.97
567,basco,PH,2021-03-13 23:04:17,20.4487,121.9702,32.0,77.0,73.63,9.27
568,high level,CA,2021-03-13 23:04:17,58.5169,-117.136,90.0,85.0,10.67,2.06
569,kamenskoye,,,,,,,,
570,saryg-sep,RU,2021-03-13 23:04:17,51.5,95.6,0.0,62.0,5.04,1.46
571,baykit,RU,2021-03-13 23:04:17,61.67,96.37,96.0,73.0,6.37,6.09
572,attawapiskat,,,,,,,,
573,makhachkala,RU,2021-03-13 23:04:18,42.9764,47.5024,40.0,69.0,34.07,4.0
574,guerrero negro,MX,2021-03-13 23:04:18,27.9769,-114.0611,0.0,73.0,56.89,6.61
575,san patricio,US,2021-03-13 23:04:18,28.017,-97.5169,90.0,83.0,73.67,9.77
576,dwarka,IN,2021-03-13 23:04:18,22.2394,68.9678,0.0,49.0,81.9,6.31
577,bom jardim,BR,2021-03-13 23:04:19,-7.7958,-35.5872,40.0,88.0,73.67,3.6
578,turukhansk,RU,2021-03-13 23:04:19,65.8167,87.9833,100.0,90.0,-18.58,7.76
579,calama,CL,2021-03-13 23:04:19,-22.4667,-68.9333,0.0,66.0,52.07,2.57
580,tirthahalli,IN,2021-03-13 23:04:19,13.7,75.2333,32.0,38.0,83.77,2.23
581,murwara,IN,2021-03-13 23:04:20,23.85,80.4,0.0,22.0,84.69,0.98
582,arman,RU,2021-03-13 23:04:20,59.7,150.1667,0.0,69.0,9.54,2.42
583,zambezi,ZM,2021-03-13 23:04:20,-13.5432,23.1047,79.0,96.0,63.21,1.46
584,tyup,KG,2021-03-13 23:04:20,42.7276,78.3648,47.0,58.0,46.27,4.38
585,karanganyar,ID,2021-03-13 23:04:21,-6.7072,111.0834,99.0,65.0,88.25,0.22
586,pennagaram,IN,2021-03-13 23:04:21,12.1333,77.9,20.0,65.0,79.07,1.6
587,bourail,NC,2021-03-13 23:04:21,-21.5667,165.4833,84.0,60.0,83.12,3.17
588,rawson,AR,2021-03-13 23:04:21,-43.3002,-65.1023,77.0,62.0,61.34,8.32
589,necochea,AR,2021-03-13 23:04:22,-38.5473,-58.7368,65.0,94.0,63.27,1.28
590,awash,ET,2021-03-13 23:04:22,8.9833,40.1667,1.0,52.0,73.6,0.69
591,kimbe,PG,2021-03-13 23:04:22,-5.5502,150.1429,66.0,62.0,87.13,3.12
592,mapiripan,CO,2021-03-13 23:04:22,2.8892,-72.1256,99.0,91.0,73.87,1.61
593,quatre cocos,MU,2021-03-13 23:04:23,-20.2078,57.7625,40.0,83.0,80.87,4.12
594,san pedro,PH,2021-03-13 23:04:23,14.35,121.0167,75.0,74.0,87.28,3.6
595,rabaul,PG,2021-03-13 23:04:23,-4.1967,152.1721,31.0,69.0,83.8,4.66
596,okato,NZ,2021-03-13 23:04:23,-39.2,173.8833,0.0,64.0,72.27,2.24
597,bedum,NL,2021-03-13 23:04:24,53.3008,6.6028,75.0,87.0,42.28,4.63
598,petropavlovsk-kamchatskiy,RU,2021-03-13 23:04:24,53.0452,158.6483,40.0,48.0,35.87,7.0
599,tlahualilo,,,,,,,,
600,tottori,JP,2021-03-13 23:00:51,35.5,134.2333,75.0,58.0,55.67,5.14
601,coihaique,CL,2021-03-13 23:04:24,-45.5752,-72.0662,0.0,82.0,52.07,3.09
602,winneba,GH,2021-03-13 23:04:24,5.3511,-0.6231,100.0,81.0,80.78,5.07
603,cherepovets,RU,2021-03-13 23:04:25,59.1333,37.9,90.0,93.0,26.87,4.0
604,marcona,,,,,,,,
605,kostomuksha,RU,2021-03-13 23:04:25,64.571,30.5767,98.0,96.0,25.02,2.62
606,silver city,US,2021-03-13 23:04:25,32.7701,-108.2803,1.0,64.0,34.07,7.2
607,tondano,ID,2021-03-13 23:04:25,1.3038,124.9112,20.0,62.0,88.07,1.03
608,bubaque,GW,2021-03-13 23:04:26,11.2833,-15.8333,64.0,60.0,78.71,2.49
609,vaitape,PF,2021-03-13 23:04:26,-16.5167,-151.75,0.0,73.0,83.39,5.48
610,carmarthen,GB,2021-03-13 23:04:26,51.8555,-4.3054,75.0,76.0,46.27,11.32
611,omboue,GA,2021-03-13 23:04:26,-1.5746,9.2618,99.0,86.0,78.49,1.46
612,atar,MR,2021-03-13 23:04:27,20.5169,-13.0499,0.0,13.0,64.0,2.95
613,lolua,,,,,,,,
614,wana,PK,2021-03-13 23:02:41,32.2989,69.5725,43.0,64.0,58.08,1.42
615,mrirt,,,,,,,,
616,maunabo,PR,2021-03-13 23:04:27,18.0072,-65.8993,71.0,90.0,74.26,1.34
617,alihe,CN,2021-03-13 23:04:27,50.5667,123.7167,18.0,50.0,47.14,3.91
618,fevralsk,,,,,,,,
619,petropavlovka,RU,2021-03-13 23:04:28,50.6114,105.3196,100.0,57.0,14.58,6.38
620,ostrovnoy,RU,2021-03-13 23:04:28,68.0531,39.5131,98.0,92.0,14.68,4.76
621,razole,IN,2021-03-13 23:04:28,16.4833,81.8333,67.0,65.0,82.67,1.5
622,narsaq,GL,2021-03-13 23:04:28,60.9167,-46.05,75.0,63.0,26.87,1.03
